{"cameraMode":{"drawMode":0,"name":"Shaded","section":"Shading Mode"},"sceneLighting":false,"audioPlay":false,"sceneViewState":{"m_AlwaysRefresh":false,"showFog":true,"showSkybox":false,"showFlares":true,"showImageEffects":true,"showParticleSystems":true,"showVisualEffectGraphs":true,"m_FxEnabled":true},"in2DMode":false,"pivot":{"x":298.96478271484377,"y":273.4260559082031,"z":-0.8440933227539063},"rotation":{"x":-0.031804051250219348,"y":0.0035955405328422786,"z":-0.00011441999231465161,"w":-0.9994885325431824},"size":387.7991027832031,"orthographic":false}