{"cameraMode":{"drawMode":2,"name":"Shaded Wireframe","section":"Shading Mode"},"sceneLighting":false,"audioPlay":false,"sceneViewState":{"showFog":true,"showMaterialUpdate":false,"showSkybox":false,"showFlares":true,"showImageEffects":true,"showParticleSystems":true},"in2DMode":false,"pivot":{"x":-15.315347671508789,"y":2.807173490524292,"z":-43.20109558105469},"rotation":{"x":0.20242786407470704,"y":0.32824841141700747,"z":-0.07151204347610474,"w":0.9201747179031372},"size":4.694697380065918,"orthographic":false}