{"cameraMode":{"drawMode":2,"name":"Shaded Wireframe","section":"Shading Mode"},"sceneLighting":true,"audioPlay":false,"sceneViewState":{"showFog":true,"showMaterialUpdate":false,"showSkybox":true,"showFlares":true,"showImageEffects":true,"showParticleSystems":true},"in2DMode":false,"pivot":{"x":0.4926499128341675,"y":2.993720054626465,"z":0.734527587890625},"rotation":{"x":0.13935691118240357,"y":0.016057733446359636,"z":-0.0020492447074502708,"w":0.9902337193489075},"size":6.752068519592285,"orthographic":false}