{"cameraMode":{"drawMode":2,"name":"Shaded Wireframe","section":"Shading Mode"},"sceneLighting":true,"audioPlay":false,"sceneViewState":{"showFog":true,"showMaterialUpdate":false,"showSkybox":true,"showFlares":true,"showImageEffects":true,"showParticleSystems":true},"in2DMode":false,"pivot":{"x":0.2633799612522125,"y":0.5491552352905273,"z":0.5052863359451294},"rotation":{"x":0.10460123419761658,"y":0.7224903106689453,"z":-0.11132045090198517,"w":0.6747093796730042},"size":2.4340319633483888,"orthographic":false}