{"cameraMode":{"drawMode":2,"name":"Shaded Wireframe","section":"Shading Mode"},"sceneLighting":true,"audioPlay":false,"sceneViewState":{"showFog":true,"showMaterialUpdate":false,"showSkybox":true,"showFlares":true,"showImageEffects":true,"showParticleSystems":true},"in2DMode":false,"pivot":{"x":0.09000000357627869,"y":1.5800000429153443,"z":0.0},"rotation":{"x":-0.011134201660752297,"y":0.7026753425598145,"z":0.01177164725959301,"w":0.7117190957069397},"size":4.599996566772461,"orthographic":false}