{"cameraMode":{"drawMode":2,"name":"Shaded Wireframe","section":"Shading Mode"},"sceneLighting":true,"audioPlay":false,"sceneViewState":{"showFog":true,"showMaterialUpdate":false,"showSkybox":true,"showFlares":true,"showImageEffects":true,"showParticleSystems":true},"in2DMode":false,"pivot":{"x":1.1600091457366944,"y":5.365145206451416,"z":-3.662450075149536},"rotation":{"x":0.13935691118240357,"y":0.016057733446359636,"z":-0.0020492447074502708,"w":0.9902337193489075},"size":0.2566426396369934,"orthographic":false}