{"cameraMode":{"drawMode":2,"name":"Shaded Wireframe","section":"Shading Mode"},"sceneLighting":true,"audioPlay":false,"sceneViewState":{"showFog":true,"showMaterialUpdate":false,"showSkybox":true,"showFlares":true,"showImageEffects":true,"showParticleSystems":true},"in2DMode":false,"pivot":{"x":-0.0008338689804077148,"y":0.628434419631958,"z":-0.0258941650390625},"rotation":{"x":0.0032598653342574836,"y":-0.9872913360595703,"z":-0.1580086201429367,"w":-0.02228671871125698},"size":0.7305833697319031,"orthographic":false}