{"cameraMode":{"drawMode":2,"name":"Shaded Wireframe","section":"Shading Mode"},"sceneLighting":true,"audioPlay":false,"sceneViewState":{"showFog":true,"showMaterialUpdate":false,"showSkybox":true,"showFlares":true,"showImageEffects":true,"showParticleSystems":true},"in2DMode":false,"pivot":{"x":-6.200211524963379,"y":5.012085437774658,"z":7.82611083984375},"rotation":{"x":-0.012736542150378228,"y":-0.9192233681678772,"z":0.39277514815330508,"w":-0.02973312884569168},"size":2.7999966144561769,"orthographic":false}