{"cameraMode":{"drawMode":2,"name":"Shaded Wireframe","section":"Shading Mode"},"sceneLighting":true,"audioPlay":false,"sceneViewState":{"showFog":true,"showMaterialUpdate":false,"showSkybox":true,"showFlares":true,"showImageEffects":true,"showParticleSystems":true},"in2DMode":false,"pivot":{"x":-0.48495692014694216,"y":0.0020432472229003908,"z":-0.3759258985519409},"rotation":{"x":0.07287603616714478,"y":0.4156407415866852,"z":-0.03241319954395294,"w":0.9064223170280457},"size":2.2084476947784426,"orthographic":true}