{"cameraMode":{"drawMode":2,"name":"Shaded Wireframe","section":"Shading Mode"},"sceneLighting":true,"audioPlay":false,"sceneViewState":{"showFog":true,"showMaterialUpdate":false,"showSkybox":true,"showFlares":true,"showImageEffects":true,"showParticleSystems":true},"in2DMode":false,"pivot":{"x":-3.704514741897583,"y":0.6556258201599121,"z":-1.7760169506072999},"rotation":{"x":0.033175572752952579,"y":0.5031221508979797,"z":-0.018174510449171068,"w":0.8638083934783936},"size":3.2718920707702638,"orthographic":true}