{"cameraMode":{"drawMode":2,"name":"Shaded Wireframe","section":"Shading Mode"},"sceneLighting":true,"audioPlay":false,"sceneViewState":{"showFog":true,"showMaterialUpdate":false,"showSkybox":true,"showFlares":true,"showImageEffects":true,"showParticleSystems":true},"in2DMode":false,"pivot":{"x":-6.06378173828125,"y":4.691413402557373,"z":8.170877456665039},"rotation":{"x":-0.012736542150378228,"y":-0.9192233681678772,"z":0.39277514815330508,"w":-0.02973312884569168},"size":3.6999964714050295,"orthographic":false}