{"cameraMode":{"drawMode":2,"name":"Shaded Wireframe","section":"Shading Mode"},"sceneLighting":false,"audioPlay":false,"sceneViewState":{"showFog":true,"showMaterialUpdate":false,"showSkybox":false,"showFlares":true,"showImageEffects":true,"showParticleSystems":true},"in2DMode":false,"pivot":{"x":-3.5762786865234377e-7,"y":0.878556489944458,"z":-0.06870239973068237},"rotation":{"x":0.10483324527740479,"y":0.3009116053581238,"z":-0.03204263746738434,"w":0.9475768208503723},"size":1.436254620552063,"orthographic":false}