{"cameraMode":{"drawMode":2,"name":"Shaded Wireframe","section":"Shading Mode"},"sceneLighting":true,"audioPlay":false,"sceneViewState":{"showFog":true,"showMaterialUpdate":false,"showSkybox":true,"showFlares":true,"showImageEffects":true,"showParticleSystems":true},"in2DMode":false,"pivot":{"x":-0.02024179697036743,"y":-0.2855372428894043,"z":-0.34880590438842776},"rotation":{"x":0.14380747079849244,"y":0.034529030323028567,"z":-0.0035335561260581018,"w":0.9892376661300659},"size":4.059658050537109,"orthographic":false}