{"cameraMode":{"drawMode":2,"name":"Shaded Wireframe","section":"Shading Mode"},"sceneLighting":true,"audioPlay":false,"sceneViewState":{"showFog":true,"showMaterialUpdate":false,"showSkybox":true,"showFlares":true,"showImageEffects":true,"showParticleSystems":true},"in2DMode":false,"pivot":{"x":2.3599982261657717,"y":2.3599982261657717,"z":2.3599982261657717},"rotation":{"x":0.32424286007881167,"y":-0.6423127055168152,"z":0.345736563205719,"w":0.6023245453834534},"size":1.049456000328064,"orthographic":false}