{"cameraMode":{"drawMode":2,"name":"Shaded Wireframe","section":"Shading Mode"},"sceneLighting":true,"audioPlay":false,"sceneViewState":{"showFog":true,"showMaterialUpdate":false,"showSkybox":true,"showFlares":true,"showImageEffects":true,"showParticleSystems":true},"in2DMode":false,"pivot":{"x":-0.19365239143371583,"y":-0.06543886661529541,"z":0.1922168731689453},"rotation":{"x":0.07955135405063629,"y":-0.9129312038421631,"z":0.21501238644123078,"w":0.3376876413822174},"size":1.7320507764816285,"orthographic":false}