{"cameraMode":{"drawMode":2,"name":"Shaded Wireframe","section":"Shading Mode"},"sceneLighting":true,"audioPlay":false,"sceneViewState":{"showFog":true,"showMaterialUpdate":false,"showSkybox":true,"showFlares":true,"showImageEffects":true,"showParticleSystems":true},"in2DMode":false,"pivot":{"x":0.5428624749183655,"y":4.5219950675964359,"z":2.519536256790161},"rotation":{"x":-0.028833508491516115,"y":-0.9428350329399109,"z":0.32166337966918948,"w":-0.08358301222324372},"size":1.7769651412963868,"orthographic":false}