{"cameraMode":{"drawMode":2,"name":"Shaded Wireframe","section":"Shading Mode"},"sceneLighting":true,"audioPlay":false,"sceneViewState":{"showFog":true,"showMaterialUpdate":false,"showSkybox":true,"showFlares":true,"showImageEffects":true,"showParticleSystems":true},"in2DMode":false,"pivot":{"x":0.8694979548454285,"y":-1.084848403930664,"z":-1.0949705839157105},"rotation":{"x":0.12063708901405335,"y":0.128662109375,"z":-0.014915168285369873,"w":0.9845742583274841},"size":0.5766996145248413,"orthographic":false}