{"cameraMode":{"drawMode":2,"name":"Shaded Wireframe","section":"Shading Mode"},"sceneLighting":true,"audioPlay":false,"sceneViewState":{"showFog":true,"showMaterialUpdate":false,"showSkybox":true,"showFlares":true,"showImageEffects":true,"showParticleSystems":true},"in2DMode":false,"pivot":{"x":-0.0008338689804077148,"y":0.628434419631958,"z":-0.0258941650390625},"rotation":{"x":-0.0023998951073735954,"y":0.964950680732727,"z":-0.26271191239356997,"w":-0.009597000665962696},"size":1.0305832624435425,"orthographic":false}