{"cameraMode":{"drawMode":2,"name":"Shaded Wireframe","section":"Shading Mode"},"sceneLighting":true,"audioPlay":false,"sceneViewState":{"showFog":true,"showMaterialUpdate":false,"showSkybox":true,"showFlares":true,"showImageEffects":true,"showParticleSystems":true},"in2DMode":false,"pivot":{"x":-1.224433183670044,"y":1.702873706817627,"z":-0.022335290908813478},"rotation":{"x":-0.014442038722336293,"y":0.18347300589084626,"z":0.002697068266570568,"w":0.9830567836761475},"size":4.055896759033203,"orthographic":false}