{"cameraMode":{"drawMode":2,"name":"Shaded Wireframe","section":"Shading Mode"},"sceneLighting":true,"audioPlay":false,"sceneViewState":{"showFog":true,"showMaterialUpdate":false,"showSkybox":true,"showFlares":true,"showImageEffects":true,"showParticleSystems":true},"in2DMode":false,"pivot":{"x":-1.224433183670044,"y":1.702873706817627,"z":-0.022335290908813478},"rotation":{"x":0.22915959358215333,"y":-0.03210613131523132,"z":0.007568718865513802,"w":0.9729727506637573},"size":4.055896759033203,"orthographic":false}