{"cameraMode":{"drawMode":2,"name":"Shaded Wireframe","section":"Shading Mode"},"sceneLighting":true,"audioPlay":false,"sceneViewState":{"showFog":true,"showMaterialUpdate":false,"showSkybox":true,"showFlares":true,"showImageEffects":true,"showParticleSystems":true},"in2DMode":false,"pivot":{"x":0.28395938873291018,"y":3.08842396736145,"z":-1.8415601253509522},"rotation":{"x":-0.04083357751369476,"y":0.9350448846817017,"z":-0.333213210105896,"w":-0.11506872624158859},"size":14.271012306213379,"orthographic":false}