{"cameraMode":{"drawMode":2,"name":"Shaded Wireframe","section":"Shading Mode"},"sceneLighting":true,"audioPlay":false,"sceneViewState":{"showFog":true,"showMaterialUpdate":false,"showSkybox":true,"showFlares":true,"showImageEffects":true,"showParticleSystems":true},"in2DMode":false,"pivot":{"x":-0.02024179697036743,"y":-0.2855372428894043,"z":-0.34880590438842776},"rotation":{"x":0.42842620611190798,"y":0.027895068749785425,"z":-0.011611430905759335,"w":0.90333491563797},"size":5.2596588134765629,"orthographic":false}