{"cameraMode":{"drawMode":2,"name":"Shaded Wireframe","section":"Shading Mode"},"sceneLighting":true,"audioPlay":false,"sceneViewState":{"showFog":true,"showMaterialUpdate":false,"showSkybox":true,"showFlares":true,"showImageEffects":true,"showParticleSystems":true},"in2DMode":false,"pivot":{"x":-3.711606979370117,"y":6.516002655029297,"z":-2.155773162841797},"rotation":{"x":-0.11787313222885132,"y":0.8700916171073914,"z":-0.2524467706680298,"w":-0.4068984091281891},"size":16.671010971069337,"orthographic":false}