{"cameraMode":{"drawMode":2,"name":"Shaded Wireframe","section":"Shading Mode"},"sceneLighting":true,"audioPlay":false,"sceneViewState":{"showFog":true,"showMaterialUpdate":false,"showSkybox":true,"showFlares":true,"showImageEffects":true,"showParticleSystems":true},"in2DMode":false,"pivot":{"x":-15.315347671508789,"y":2.807173490524292,"z":-43.20109558105469},"rotation":{"x":0.10337845981121063,"y":0.3701947331428528,"z":-0.040732432156801227,"w":0.9225882887840271},"size":6.132615089416504,"orthographic":false}