{"cameraMode":{"drawMode":2,"name":"Shaded Wireframe","section":"Shading Mode"},"sceneLighting":true,"audioPlay":false,"sceneViewState":{"showFog":true,"showMaterialUpdate":false,"showSkybox":true,"showFlares":true,"showImageEffects":true,"showParticleSystems":true},"in2DMode":false,"pivot":{"x":-3.6434268951416017,"y":4.948908805847168,"z":1.7233198881149293},"rotation":{"x":0.22360815107822419,"y":-0.6641331315040588,"z":0.21901589632034303,"w":0.6791155338287354},"size":17.018829345703126,"orthographic":false}