{"cameraMode":{"drawMode":2,"name":"Shaded Wireframe","section":"Shading Mode"},"sceneLighting":true,"audioPlay":false,"sceneViewState":{"showFog":true,"showMaterialUpdate":false,"showSkybox":true,"showFlares":true,"showImageEffects":true,"showParticleSystems":true},"in2DMode":false,"pivot":{"x":-28.834983825683595,"y":4.537443161010742,"z":5.599427700042725},"rotation":{"x":0.26131969690322878,"y":0.09854654967784882,"z":-0.026830870658159257,"w":0.9598422646522522},"size":10.244171142578125,"orthographic":false}